{
  "metrics": {
    "macro_f1": 0.9369368932582415,
    "weighted_f1": 0.9333466169933766,
    "accuracy": 0.9332625
  },
  "stats": {
    "total": 80000,
    "geometric": 2401,
    "model": 77599,
    "geometric_pct": 3.00125,
    "model_pct": 96.99875,
    "confidence_threshold": 0.98,
    "model_metrics": {
      "macro_f1": 0.9369368932582415,
      "accuracy": 0.9332625,
      "n_splits": 5
    }
  }
}