{
  "n_total": 80007,
  "exact_match": 77198,
  "off_by_1": 2802,
  "off_by_2": 7,
  "off_by_3": 0,
  "off_by_4": 0,
  "pct_exact": 0.9648905720749434,
  "pct_within_1": 0.9999125076555802,
  "pct_ge_2": 8.749234441986326e-05,
  "n_ge_2": 7,
  "macro_f1": 0.9624,
  "accuracy": 0.9648905720749434,
  "qwk": 0.981,
  "linear_kappa": 0.945,
  "confusion_matrix": [
    [
      3088,
      112,
      0,
      0,
      0
    ],
    [
      235,
      12969,
      236,
      0,
      0
    ],
    [
      2,
      507,
      27946,
      507,
      5
    ],
    [
      0,
      0,
      403,
      22233,
      404
    ],
    [
      0,
      0,
      0,
      398,
      10962
    ]
  ],
  "pct_err_on_3_4_boundary": 0.32395870416518335,
  "pct_err_on_2_3_boundary": 0.2645069419722321,
  "pct_err_on_high_acuity_boundary": 0.3880384478462086,
  "pct_err_on_low_acuity_boundary": 0.6094695621217515,
  "err_by_boundary": {
    "1_vs_2": 347,
    "2_vs_3": 743,
    "3_vs_4": 910,
    "4_vs_5": 802
  },
  "err_total": 2809,
  "n_llm_routed": 800,
  "pct_llm_routed": 0.01,
  "llm_band_by_true_label": {
    "1": 5,
    "2": 40,
    "3": 380,
    "4": 310,
    "5": 65
  },
  "oof_thresholds": [
    1.56,
    2.52,
    3.55,
    4.58
  ],
  "oof_qwk_argmax": 0.9809,
  "by_method": {
    "rules": {
      "n": 2300,
      "accuracy": 1.0,
      "pct_ge_2": 0.0
    },
    "ensemble+qwk": {
      "n": 77700,
      "accuracy": 0.962,
      "pct_ge_2": 0.0001
    }
  },
  "llm_err_by_boundary": {
    "1_vs_2": 3,
    "2_vs_3": 30,
    "3_vs_4": 45,
    "4_vs_5": 12
  },
  "llm_err_total": 90,
  "llm_band_true_dist": {
    "1": 5,
    "2": 40,
    "3": 380,
    "4": 310,
    "5": 65
  }
}