{
  "n_total": 80000,
  "exact_match": 78214,
  "off_by_1": 1777,
  "off_by_2": 9,
  "off_by_3": 0,
  "off_by_4": 0,
  "pct_exact": 0.977675,
  "pct_within_1": 0.9998875,
  "pct_ge_2": 0.0001125,
  "n_ge_2": 9,
  "macro_f1": 0.975627663947904,
  "accuracy": 0.977675,
  "qwk": 0.9895218685430475,
  "linear_kappa": 0.9803455297263466,
  "confusion_matrix": [
    [
      3166,
      56,
      0,
      0,
      0
    ],
    [
      41,
      13384,
      14,
      0,
      0
    ],
    [
      0,
      9,
      28755,
      154,
      3
    ],
    [
      0,
      0,
      120,
      22204,
      696
    ],
    [
      0,
      0,
      6,
      687,
      10705
    ]
  ],
  "err_by_boundary": {
    "1_vs_2": 97,
    "2_vs_3": 23,
    "3_vs_4": 274,
    "4_vs_5": 1383
  },
  "err_total": 1786,
  "pct_err_on_3_4_boundary": 0.1534154535274356,
  "pct_err_on_2_3_boundary": 0.012877939529675251,
  "pct_err_on_high_acuity_boundary": 0.0671892497200448,
  "pct_err_on_low_acuity_boundary": 0.9277715565509519,
  "n_llm_routed": 1058,
  "pct_llm_routed": 0.013225,
  "llm_err_by_boundary": {
    "1_vs_2": 25,
    "2_vs_3": 5,
    "3_vs_4": 66,
    "4_vs_5": 307
  },
  "llm_err_total": 403,
  "llm_band_true_dist": {
    "1": 29,
    "2": 53,
    "3": 93,
    "4": 549,
    "5": 334
  },
  "llm_band_by_true_label": {
    "1": 29,
    "2": 53,
    "3": 93,
    "4": 549,
    "5": 334
  },
  "by_method": {
    "ensemble+qwk": {
      "n": 77567,
      "accuracy": 0.9769747444145062,
      "pct_ge_2": 0.00011602872355512008
    },
    "rules": {
      "n": 2433,
      "accuracy": 1.0,
      "pct_ge_2": 0.0
    }
  },
  "oof_thresholds": [
    1.4594153058142854,
    2.6163970187561145,
    3.5305064347761563,
    4.552075168910532
  ],
  "oof_qwk_argmax": 0.9895158680383792
}