{
  "hard_fraction": 0.1,
  "hard_threshold_r_total": 0.74298437042387,
  "n_total": 80000,
  "n_easy": 72000,
  "n_hard": 8000,
  "baseline": {
    "label": "baseline",
    "include_phase": false,
    "include_tier_b": false,
    "n_easy": 72000,
    "n_hard": 8000,
    "argmax_macro_f1_all": 0.9314760331179028,
    "argmax_qwk_all": 0.9641153668520701,
    "argmax_accuracy_all": 0.9280625,
    "argmax_macro_f1_easy": 0.9312964421825647,
    "argmax_qwk_easy": 0.9644865277333676,
    "argmax_macro_f1_hard": 0.9337102373614321,
    "argmax_qwk_hard": 0.9600193429906856,
    "tuned_qwk_all": 0.9651390183659495,
    "tuned_qwk_easy": 0.9656368705557062,
    "tuned_qwk_hard": 0.9596608466915256,
    "tuned_macro_f1_all": 0.9316619280171377,
    "thresholds": [
      1.3956189674132002,
      2.419297620763823,
      3.5583954173911394,
      4.551196096430504
    ],
    "elapsed_sec": 2911.2
  },
  "phase": {
    "label": "phase",
    "include_phase": true,
    "include_tier_b": false,
    "n_easy": 72000,
    "n_hard": 8000,
    "argmax_macro_f1_all": 0.9309451762541198,
    "argmax_qwk_all": 0.9639067409653347,
    "argmax_accuracy_all": 0.9275125,
    "argmax_macro_f1_easy": 0.9309056434226133,
    "argmax_qwk_easy": 0.9644857712816821,
    "argmax_macro_f1_hard": 0.931647474147659,
    "argmax_qwk_hard": 0.9575442932953255,
    "tuned_qwk_all": 0.9648112242539797,
    "tuned_qwk_easy": 0.9654088267520774,
    "tuned_qwk_hard": 0.9582425923769136,
    "tuned_macro_f1_all": 0.9310892541805069,
    "thresholds": [
      1.3341712844036633,
      2.4188249933289345,
      3.5489317736343757,
      4.5992280327145405
    ],
    "elapsed_sec": 3319.9
  },
  "full_stack": {
    "label": "full_stack",
    "include_phase": true,
    "include_tier_b": true,
    "n_easy": 72000,
    "n_hard": 8000,
    "argmax_macro_f1_all": 0.9600719275972638,
    "argmax_qwk_all": 0.9809378959324762,
    "argmax_accuracy_all": 0.96435,
    "argmax_macro_f1_easy": 0.9613716984550884,
    "argmax_qwk_easy": 0.9820376308475802,
    "argmax_macro_f1_hard": 0.9476502862412153,
    "argmax_qwk_hard": 0.9690287044349704,
    "tuned_qwk_all": 0.9819157180196766,
    "tuned_qwk_easy": 0.9828309528441224,
    "tuned_qwk_hard": 0.9719448891040087,
    "tuned_macro_f1_all": 0.9591365092929903,
    "thresholds": [
      1.5092214391281837,
      2.5496857684327168,
      3.393523184716465,
      4.558752194926114
    ],
    "elapsed_sec": 2286.2
  },
  "delta_phase_minus_baseline": {
    "argmax_macro_f1_all": -0.0005308568637830691,
    "argmax_qwk_all": -0.00020862588673542515,
    "argmax_accuracy_all": -0.0005500000000000504,
    "argmax_macro_f1_easy": -0.0003907987599514051,
    "argmax_qwk_easy": -7.56451685512971e-07,
    "argmax_macro_f1_hard": -0.002062763213773078,
    "argmax_qwk_hard": -0.0024750496953600543,
    "tuned_qwk_all": -0.00032779411196981467,
    "tuned_qwk_easy": -0.00022804380362884125,
    "tuned_qwk_hard": -0.0014182543146120663,
    "tuned_macro_f1_all": -0.0005726738366307327
  },
  "delta_full_minus_phase": {
    "argmax_macro_f1_all": 0.02912675134314402,
    "argmax_qwk_all": 0.01703115496714147,
    "argmax_accuracy_all": 0.03683750000000008,
    "argmax_macro_f1_easy": 0.030466055032475126,
    "argmax_qwk_easy": 0.01755185956589811,
    "argmax_macro_f1_hard": 0.01600281209355625,
    "argmax_qwk_hard": 0.011484411139644823,
    "tuned_qwk_all": 0.017104493765696893,
    "tuned_qwk_easy": 0.017422126092044965,
    "tuned_qwk_hard": 0.013702296727095109,
    "tuned_macro_f1_all": 0.028047255112483405
  },
  "delta_full_minus_baseline": {
    "argmax_macro_f1_all": 0.02859589447936095,
    "argmax_qwk_all": 0.016822529080406046,
    "argmax_accuracy_all": 0.03628750000000003,
    "argmax_macro_f1_easy": 0.03007525627252372,
    "argmax_qwk_easy": 0.017551103114212596,
    "argmax_macro_f1_hard": 0.013940048879783173,
    "argmax_qwk_hard": 0.00900936144428477,
    "tuned_qwk_all": 0.01677669965372708,
    "tuned_qwk_easy": 0.017194082288416124,
    "tuned_qwk_hard": 0.012284042412483043,
    "tuned_macro_f1_all": 0.027474581275852672
  },
  "notes": "Regime-split benchmark: bank_r_total (Kuramoto order parameter) separates the bottom 10% (HARD, banks disagree \u2192 hard residual) from the top 90% (EASY, banks agree \u2192 standard pipeline). Each variant's OOF predictions are reported separately on easy/hard to test the two-regime claim: phase and Tier-B features should lift hard_qwk without hurting easy_qwk. cc_condition_prior removed (declined shortcut)."
}