{
  "source_log": "/tmp/triagegeist_combined.log",
  "variants_parsed": [
    "baseline",
    "full_stack",
    "hard_bucket_v2",
    "phase"
  ],
  "per_variant": {
    "baseline": {
      "variant": "baseline",
      "n_folds": 5,
      "easy_mean": 0.9644600000000001,
      "easy_std": 0.002782624660280283,
      "hard_mean": 0.95992,
      "hard_std": 0.004351666347504149,
      "var_ratio_easy_over_hard": 0.4088820826952484,
      "mean_diff": 0.0045399999999999885,
      "mean_diff_ci95": [
        0.0030799999999999938,
        0.005979999999999985
      ],
      "cohens_d": 2.4396616931480613,
      "paired_t_stat": 5.455249387981298,
      "paired_t_p": 0.0054874229677765755,
      "wilcoxon_stat": 0.0,
      "wilcoxon_p": 0.0625,
      "levene_stat": 0.3517356754496245,
      "levene_p": 0.5695144766610006,
      "per_fold_diffs": [
        0.0020999999999999908,
        0.0047000000000000375,
        0.0034999999999999476,
        0.007000000000000006,
        0.00539999999999996
      ]
    },
    "phase": {
      "variant": "phase",
      "n_folds": 5,
      "easy_mean": 0.9644600000000001,
      "easy_std": 0.0023233596363886715,
      "hard_mean": 0.95746,
      "hard_std": 0.004502554830315786,
      "var_ratio_easy_over_hard": 0.2662654762492031,
      "mean_diff": 0.006999999999999984,
      "mean_diff_ci95": [
        0.004620000000000002,
        0.009379999999999966
      ],
      "cohens_d": 2.177422967387523,
      "paired_t_stat": 4.86886577084781,
      "paired_t_p": 0.008226424524695035,
      "wilcoxon_stat": 0.0,
      "wilcoxon_p": 0.0625,
      "levene_stat": 2.0512273212379686,
      "levene_p": 0.18997433995484403,
      "per_fold_diffs": [
        0.0036000000000000476,
        0.0041999999999999815,
        0.007499999999999951,
        0.011499999999999955,
        0.008199999999999985
      ]
    },
    "full_stack": {
      "variant": "full_stack",
      "n_folds": 5,
      "easy_mean": 0.9820399999999999,
      "easy_std": 0.0011907980517283248,
      "hard_mean": 0.9689200000000001,
      "hard_std": 0.004933254503874673,
      "var_ratio_easy_over_hard": 0.058265192916135466,
      "mean_diff": 0.013119999999999998,
      "mean_diff_ci95": [
        0.008800000000000007,
        0.01689999999999998
      ],
      "cohens_d": 2.6049493331171454,
      "paired_t_stat": 5.82484378679268,
      "paired_t_p": 0.00432671479166424,
      "wilcoxon_stat": 0.0,
      "wilcoxon_p": 0.0625,
      "levene_stat": 2.7870077141696883,
      "levene_p": 0.13358210651024638,
      "per_fold_diffs": [
        0.013599999999999945,
        0.005600000000000049,
        0.011800000000000033,
        0.019299999999999984,
        0.01529999999999998
      ]
    },
    "hard_bucket_v2": {
      "variant": "hard_bucket_v2",
      "n_folds": 5,
      "easy_mean": 0.96348,
      "easy_std": 0.001992987706936516,
      "hard_mean": 0.9552799999999999,
      "hard_std": 0.0028787149911028037,
      "var_ratio_easy_over_hard": 0.4793049354410603,
      "mean_diff": 0.00820000000000003,
      "mean_diff_ci95": [
        0.006520000000000059,
        0.00970000000000002
      ],
      "cohens_d": 4.077130283341811,
      "paired_t_stat": 9.116740466675267,
      "paired_t_p": 0.0008030395383997193,
      "wilcoxon_stat": 0.0,
      "wilcoxon_p": 0.0625,
      "levene_stat": 0.49056603773583746,
      "levene_p": 0.5035318580380169,
      "per_fold_diffs": [
        0.006800000000000028,
        0.005400000000000071,
        0.009600000000000053,
        0.010099999999999998,
        0.009099999999999997
      ]
    }
  },
  "cross_variant": [
    {
      "pair": "phase - baseline",
      "subset": "easy",
      "mean_diff": 0.0,
      "mean_diff_ci95": [
        -0.0018199999999999994,
        0.0018199999999999994
      ],
      "cohens_d": 0.0,
      "paired_t_stat": 0.0,
      "paired_t_p": 1.0,
      "wilcoxon_stat": 7.0,
      "wilcoxon_p": 1.0,
      "per_fold_diffs": [
        0.000300000000000078,
        0.0021999999999999797,
        -0.0030000000000000027,
        0.0021999999999999797,
        -0.0017000000000000348
      ]
    },
    {
      "pair": "phase - baseline",
      "subset": "hard",
      "mean_diff": -0.0024599999999999956,
      "mean_diff_ci95": [
        -0.005340000000000011,
        0.00048000000000001373
      ],
      "cohens_d": -0.6757374803744786,
      "paired_t_stat": -1.510994941061764,
      "paired_t_p": 0.20531564290023238,
      "wilcoxon_stat": 3.0,
      "wilcoxon_p": 0.3125,
      "per_fold_diffs": [
        -0.0011999999999999789,
        0.0027000000000000357,
        -0.007000000000000006,
        -0.0022999999999999687,
        -0.0045000000000000595
      ]
    },
    {
      "pair": "phase - baseline",
      "subset": "all",
      "mean_diff": -0.00024000000000001798,
      "mean_diff_ci95": [
        -0.002100000000000035,
        0.0016199999999999993
      ],
      "cohens_d": -0.10076387255179982,
      "paired_t_stat": -0.22531486870194958,
      "paired_t_p": 0.8327776179808348,
      "wilcoxon_stat": 7.0,
      "wilcoxon_p": 1.0,
      "per_fold_diffs": [
        9.999999999998899e-05,
        0.0021999999999999797,
        -0.0033000000000000806,
        0.0018000000000000238,
        -0.0020000000000000018
      ]
    },
    {
      "pair": "full_stack - baseline",
      "subset": "easy",
      "mean_diff": 0.01758000000000002,
      "mean_diff_ci95": [
        0.01486000000000003,
        0.020300000000000006
      ],
      "cohens_d": 5.03375830138021,
      "paired_t_stat": 11.255825744190023,
      "paired_t_p": 0.0003549178251644215,
      "wilcoxon_stat": 0.0,
      "wilcoxon_p": 0.0625,
      "per_fold_diffs": [
        0.013900000000000023,
        0.020000000000000018,
        0.013900000000000023,
        0.01870000000000005,
        0.021399999999999975
      ]
    },
    {
      "pair": "full_stack - baseline",
      "subset": "hard",
      "mean_diff": 0.009000000000000008,
      "mean_diff_ci95": [
        0.004480000000000017,
        0.014240000000000008
      ],
      "cohens_d": 1.3799688743864178,
      "paired_t_stat": 3.0857042099618983,
      "paired_t_p": 0.036727304478597886,
      "wilcoxon_stat": 0.0,
      "wilcoxon_p": 0.0625,
      "per_fold_diffs": [
        0.0024000000000000687,
        0.019100000000000006,
        0.005599999999999938,
        0.006400000000000072,
        0.011499999999999955
      ]
    },
    {
      "pair": "full_stack - baseline",
      "subset": "all",
      "mean_diff": 0.01679999999999997,
      "mean_diff_ci95": [
        0.013900000000000001,
        0.01957999999999993
      ],
      "cohens_d": 4.580871818453422,
      "paired_t_stat": 10.243140782274926,
      "paired_t_p": 0.0005120540172566295,
      "wilcoxon_stat": 0.0,
      "wilcoxon_p": 0.0625,
      "per_fold_diffs": [
        0.012800000000000034,
        0.019899999999999918,
        0.0131,
        0.017699999999999938,
        0.020499999999999963
      ]
    },
    {
      "pair": "full_stack - phase",
      "subset": "easy",
      "mean_diff": 0.01758000000000002,
      "mean_diff_ci95": [
        0.01509999999999998,
        0.020540000000000024
      ],
      "cohens_d": 5.075543348753031,
      "paired_t_stat": 11.349259950558698,
      "paired_t_p": 0.0003436615139781492,
      "wilcoxon_stat": 0.0,
      "wilcoxon_p": 0.0625,
      "per_fold_diffs": [
        0.013599999999999945,
        0.017800000000000038,
        0.016900000000000026,
        0.01650000000000007,
        0.02310000000000001
      ]
    },
    {
      "pair": "full_stack - phase",
      "subset": "hard",
      "mean_diff": 0.011460000000000003,
      "mean_diff_ci95": [
        0.0071000000000000394,
        0.015399999999999992
      ],
      "cohens_d": 2.1307152451119005,
      "paired_t_stat": 4.764424128765336,
      "paired_t_p": 0.008876315177055047,
      "wilcoxon_stat": 0.0,
      "wilcoxon_p": 0.0625,